<?xml version="1.0" encoding="utf-8" standalone="yes"?>
<rss version="2.0" xmlns:atom="http://www.w3.org/2005/Atom">
  <channel>
    <title>Rui Batista</title>
    <link>https://hugo-toha.github.io/</link>
    <description>Recent content on Rui Batista</description>
    <generator>Hugo -- gohugo.io</generator>
    <language>en-us</language>
    <lastBuildDate>Mon, 08 Jun 2020 08:06:25 +0600</lastBuildDate>
    
	<atom:link href="https://hugo-toha.github.io/index.xml" rel="self" type="application/rss+xml" />
    
    
    <item>
      <title>Go পরিচিতি</title>
      <link>https://hugo-toha.github.io/notes/go/basic/introduction/</link>
      <pubDate>Mon, 01 Jan 0001 00:00:00 +0000</pubDate>
      
      <guid>https://hugo-toha.github.io/notes/go/basic/introduction/</guid>
      <description>Hello World A sample go program is show here.
package main import &amp;#34;fmt&amp;#34; func main() { message := greetMe(&amp;#34;world&amp;#34;) fmt.Println(message) } func greetMe(name string) string { return &amp;#34;Hello, &amp;#34; + name + &amp;#34;!&amp;#34; } Run the program as below:
$ go run hello.go     Variables Normal Declaration:
var msg string msg = &amp;#34;Hello&amp;#34; Shortcut:
msg := &amp;#34;Hello&amp;#34;     Constants const Phi = 1.618     </description>
    </item>
    
    <item>
      <title>Go বেসিক</title>
      <link>https://hugo-toha.github.io/notes/go/basic/_index.bn/</link>
      <pubDate>Mon, 01 Jan 0001 00:00:00 +0000</pubDate>
      
      <guid>https://hugo-toha.github.io/notes/go/basic/_index.bn/</guid>
      <description></description>
    </item>
    
    <item>
      <title>অ্যাডভান্সড</title>
      <link>https://hugo-toha.github.io/notes/go/advanced/_index.bn/</link>
      <pubDate>Mon, 01 Jan 0001 00:00:00 +0000</pubDate>
      
      <guid>https://hugo-toha.github.io/notes/go/advanced/_index.bn/</guid>
      <description></description>
    </item>
    
    <item>
      <title>বেসিক টাইপ সমূহ</title>
      <link>https://hugo-toha.github.io/notes/go/basic/types/</link>
      <pubDate>Mon, 01 Jan 0001 00:00:00 +0000</pubDate>
      
      <guid>https://hugo-toha.github.io/notes/go/basic/types/</guid>
      <description>Strings str := &amp;#34;Hello&amp;#34; Multiline string
str := `Multiline string`     Numbers Typical types
num := 3 // int num := 3. // float64 num := 3 + 4i // complex128 num := byte(&amp;#39;a&amp;#39;) // byte (alias for uint8) Other Types
var u uint = 7 // uint (unsigned) var p float32 = 22.7 // 32-bit float     Arrays // var numbers [5]int numbers := [.</description>
    </item>
    
    <item>
      <title>Flow Control</title>
      <link>https://hugo-toha.github.io/notes/go/basic/flow-control/</link>
      <pubDate>Mon, 01 Jan 0001 00:00:00 +0000</pubDate>
      
      <guid>https://hugo-toha.github.io/notes/go/basic/flow-control/</guid>
      <description>Condition if day == &amp;#34;sunday&amp;#34; || day == &amp;#34;saturday&amp;#34; { rest() } else if day == &amp;#34;monday&amp;#34; &amp;amp;&amp;amp; isTired() { groan() } else { work() } if _, err := doThing(); err != nil { fmt.Println(&amp;#34;Uh oh&amp;#34;)     Switch switch day { case &amp;#34;sunday&amp;#34;: // cases don&amp;#39;t &amp;#34;fall through&amp;#34; by default!  fallthrough case &amp;#34;saturday&amp;#34;: rest() default: work() }     Loop for count := 0; count &amp;lt;= 10; count++ { fmt.</description>
    </item>
    
    <item>
      <title>ফাইল ম্যানিপুলেশন</title>
      <link>https://hugo-toha.github.io/notes/go/advanced/files/</link>
      <pubDate>Mon, 01 Jan 0001 00:00:00 +0000</pubDate>
      
      <guid>https://hugo-toha.github.io/notes/go/advanced/files/</guid>
      <description>Condition if day == &amp;#34;sunday&amp;#34; || day == &amp;#34;saturday&amp;#34; { rest() } else if day == &amp;#34;monday&amp;#34; &amp;amp;&amp;amp; isTired() { groan() } else { work() } if _, err := doThing(); err != nil { fmt.Println(&amp;#34;Uh oh&amp;#34;)     </description>
    </item>
    
    <item>
      <title>ব্যাশ ভেরিয়েবল</title>
      <link>https://hugo-toha.github.io/notes/bash/basic/</link>
      <pubDate>Mon, 01 Jan 0001 00:00:00 +0000</pubDate>
      
      <guid>https://hugo-toha.github.io/notes/bash/basic/</guid>
      <description>Variable NAME=&amp;#34;John&amp;#34; echo $NAME echo &amp;#34;$NAME&amp;#34; echo &amp;#34;${NAME}    Condition if [[ -z &amp;#34;$string&amp;#34; ]]; then echo &amp;#34;String is empty&amp;#34; elif [[ -n &amp;#34;$string&amp;#34; ]]; then echo &amp;#34;String is not empty&amp;#34; fi     </description>
    </item>
    
    <item>
      <title>Resultados de Búsqueda</title>
      <link>https://hugo-toha.github.io/search/</link>
      <pubDate>Tue, 08 Jun 2010 08:06:25 +0600</pubDate>
      
      <guid>https://hugo-toha.github.io/search/</guid>
      <description>Este archivo existe únicamente para responder a la URL /search con la plantilla de diseño search relacionada.
No se muestra ningún contenido aquí, todo el contenido se basa en la plantilla layouts/page/search.html
Establecer una prioridad muy baja en el mapa del sitio le dirá a los motores de búsqueda que éste no es un contenido importante.
Esta implementación utiliza Fusejs, jquery y mark.js
Configuración inicial La búsqueda depende del tipo de contenido de salida adicional de JSON en config.</description>
    </item>
    
    <item>
      <title>Resultados de Búsqueda</title>
      <link>https://hugo-toha.github.io/search/</link>
      <pubDate>Tue, 08 Jun 2010 08:06:25 +0600</pubDate>
      
      <guid>https://hugo-toha.github.io/search/</guid>
      <description>Este archivo existe únicamente para responder a la URL /search con la plantilla de diseño search relacionada.
No se muestra ningún contenido aquí, todo el contenido se basa en la plantilla layouts/page/search.html
Establecer una prioridad muy baja en el mapa del sitio le dirá a los motores de búsqueda que éste no es un contenido importante.
Esta implementación utiliza Fusejs, jquery y mark.js
Configuración inicial La búsqueda depende del tipo de contenido de salida adicional de JSON en config.</description>
    </item>
    
    <item>
      <title>Search Results</title>
      <link>https://hugo-toha.github.io/search/</link>
      <pubDate>Tue, 08 Jun 2010 08:06:25 +0600</pubDate>
      
      <guid>https://hugo-toha.github.io/search/</guid>
      <description>This file exists solely to respond to /search URL with the related search layout template.
No content shown here is rendered, all content is based in the template layouts/page/search.html
Setting a very low sitemap priority will tell search engines this is not important content.
This implementation uses Fusejs, jquery and mark.js
Initial setup Search depends on additional output content type of JSON in config.toml ``` [outputs] home = [&amp;ldquo;HTML&amp;rdquo;, &amp;ldquo;JSON&amp;rdquo;] ```</description>
    </item>
    
    <item>
      <title>Search Results</title>
      <link>https://hugo-toha.github.io/search/</link>
      <pubDate>Tue, 08 Jun 2010 08:06:25 +0600</pubDate>
      
      <guid>https://hugo-toha.github.io/search/</guid>
      <description>This file exists solely to respond to /search URL with the related search layout template.
No content shown here is rendered, all content is based in the template layouts/page/search.html
Setting a very low sitemap priority will tell search engines this is not important content.
This implementation uses Fusejs, jquery and mark.js
Initial setup Search depends on additional output content type of JSON in config.toml ``` [outputs] home = [&amp;ldquo;HTML&amp;rdquo;, &amp;ldquo;JSON&amp;rdquo;] ```</description>
    </item>
    
    <item>
      <title>Search Results</title>
      <link>https://hugo-toha.github.io/search/</link>
      <pubDate>Tue, 08 Jun 2010 08:06:25 +0600</pubDate>
      
      <guid>https://hugo-toha.github.io/search/</guid>
      <description>This file exists solely to respond to /search URL with the related search layout template.
No content shown here is rendered, all content is based in the template layouts/page/search.html
Setting a very low sitemap priority will tell search engines this is not important content.
This implementation uses Fusejs, jquery and mark.js
Initial setup Search depends on additional output content type of JSON in config.toml ``` [outputs] home = [&amp;ldquo;HTML&amp;rdquo;, &amp;ldquo;JSON&amp;rdquo;] ```</description>
    </item>
    
    <item>
      <title>Search Results</title>
      <link>https://hugo-toha.github.io/search/</link>
      <pubDate>Tue, 08 Jun 2010 08:06:25 +0600</pubDate>
      
      <guid>https://hugo-toha.github.io/search/</guid>
      <description>This file exists solely to respond to /search URL with the related search layout template.
No content shown here is rendered, all content is based in the template layouts/page/search.html
Setting a very low sitemap priority will tell search engines this is not important content.
This implementation uses Fusejs, jquery and mark.js
Initial setup Search depends on additional output content type of JSON in config.toml ``` [outputs] home = [&amp;ldquo;HTML&amp;rdquo;, &amp;ldquo;JSON&amp;rdquo;] ```</description>
    </item>
    
    <item>
      <title>Search Results</title>
      <link>https://hugo-toha.github.io/search/</link>
      <pubDate>Tue, 08 Jun 2010 08:06:25 +0600</pubDate>
      
      <guid>https://hugo-toha.github.io/search/</guid>
      <description>This file exists solely to respond to /search URL with the related search layout template.
No content shown here is rendered, all content is based in the template layouts/page/search.html
Setting a very low sitemap priority will tell search engines this is not important content.
This implementation uses Fusejs, jquery and mark.js
Initial setup Search depends on additional output content type of JSON in config.toml ``` [outputs] home = [&amp;ldquo;HTML&amp;rdquo;, &amp;ldquo;JSON&amp;rdquo;] ```</description>
    </item>
    
    <item>
      <title>Search Results</title>
      <link>https://hugo-toha.github.io/search/</link>
      <pubDate>Tue, 08 Jun 2010 08:06:25 +0600</pubDate>
      
      <guid>https://hugo-toha.github.io/search/</guid>
      <description>This file exists solely to respond to /search URL with the related search layout template.
No content shown here is rendered, all content is based in the template layouts/page/search.html
Setting a very low sitemap priority will tell search engines this is not important content.
This implementation uses Fusejs, jquery and mark.js
Initial setup Search depends on additional output content type of JSON in config.toml ``` [outputs] home = [&amp;ldquo;HTML&amp;rdquo;, &amp;ldquo;JSON&amp;rdquo;] ```</description>
    </item>
    
    <item>
      <title>Search Results</title>
      <link>https://hugo-toha.github.io/search/</link>
      <pubDate>Tue, 08 Jun 2010 08:06:25 +0600</pubDate>
      
      <guid>https://hugo-toha.github.io/search/</guid>
      <description>This file exists solely to respond to /search URL with the related search layout template.
No content shown here is rendered, all content is based in the template layouts/page/search.html
Setting a very low sitemap priority will tell search engines this is not important content.
This implementation uses Fusejs, jquery and mark.js
Initial setup Search depends on additional output content type of JSON in config.toml ``` [outputs] home = [&amp;ldquo;HTML&amp;rdquo;, &amp;ldquo;JSON&amp;rdquo;] ```</description>
    </item>
    
    <item>
      <title>Search Results</title>
      <link>https://hugo-toha.github.io/search/</link>
      <pubDate>Tue, 08 Jun 2010 08:06:25 +0600</pubDate>
      
      <guid>https://hugo-toha.github.io/search/</guid>
      <description>This file exists solely to respond to /search URL with the related search layout template.
No content shown here is rendered, all content is based in the template layouts/page/search.html
Setting a very low sitemap priority will tell search engines this is not important content.
This implementation uses Fusejs, jquery and mark.js
Initial setup Search depends on additional output content type of JSON in config.toml ``` [outputs] home = [&amp;ldquo;HTML&amp;rdquo;, &amp;ldquo;JSON&amp;rdquo;] ```</description>
    </item>
    
    <item>
      <title>Search Results</title>
      <link>https://hugo-toha.github.io/search/</link>
      <pubDate>Tue, 08 Jun 2010 08:06:25 +0600</pubDate>
      
      <guid>https://hugo-toha.github.io/search/</guid>
      <description>This file exists solely to respond to /search URL with the related search layout template.
No content shown here is rendered, all content is based in the template layouts/page/search.html
Setting a very low sitemap priority will tell search engines this is not important content.
This implementation uses Fusejs, jquery and mark.js
Initial setup Search depends on additional output content type of JSON in config.toml ``` [outputs] home = [&amp;ldquo;HTML&amp;rdquo;, &amp;ldquo;JSON&amp;rdquo;] ```</description>
    </item>
    
    <item>
      <title>Search Results</title>
      <link>https://hugo-toha.github.io/search/</link>
      <pubDate>Tue, 08 Jun 2010 08:06:25 +0600</pubDate>
      
      <guid>https://hugo-toha.github.io/search/</guid>
      <description>This file exists solely to respond to /search URL with the related search layout template.
No content shown here is rendered, all content is based in the template layouts/page/search.html
Setting a very low sitemap priority will tell search engines this is not important content.
This implementation uses Fusejs, jquery and mark.js
Initial setup Search depends on additional output content type of JSON in config.toml ``` [outputs] home = [&amp;ldquo;HTML&amp;rdquo;, &amp;ldquo;JSON&amp;rdquo;] ```</description>
    </item>
    
    <item>
      <title>Search Results</title>
      <link>https://hugo-toha.github.io/search/</link>
      <pubDate>Tue, 08 Jun 2010 08:06:25 +0600</pubDate>
      
      <guid>https://hugo-toha.github.io/search/</guid>
      <description>This file exists solely to respond to /search URL with the related search layout template.
No content shown here is rendered, all content is based in the template layouts/page/search.html
Setting a very low sitemap priority will tell search engines this is not important content.
This implementation uses Fusejs, jquery and mark.js
Initial setup Search depends on additional output content type of JSON in config.toml ``` [outputs] home = [&amp;ldquo;HTML&amp;rdquo;, &amp;ldquo;JSON&amp;rdquo;] ```</description>
    </item>
    
    <item>
      <title>Search Results</title>
      <link>https://hugo-toha.github.io/search/</link>
      <pubDate>Tue, 08 Jun 2010 08:06:25 +0600</pubDate>
      
      <guid>https://hugo-toha.github.io/search/</guid>
      <description>This file exists solely to respond to /search URL with the related search layout template.
No content shown here is rendered, all content is based in the template layouts/page/search.html
Setting a very low sitemap priority will tell search engines this is not important content.
This implementation uses Fusejs, jquery and mark.js
Initial setup Search depends on additional output content type of JSON in config.toml ``` [outputs] home = [&amp;ldquo;HTML&amp;rdquo;, &amp;ldquo;JSON&amp;rdquo;] ```</description>
    </item>
    
    <item>
      <title>Search Results</title>
      <link>https://hugo-toha.github.io/search/</link>
      <pubDate>Tue, 08 Jun 2010 08:06:25 +0600</pubDate>
      
      <guid>https://hugo-toha.github.io/search/</guid>
      <description>This file exists solely to respond to /search URL with the related search layout template.
No content shown here is rendered, all content is based in the template layouts/page/search.html
Setting a very low sitemap priority will tell search engines this is not important content.
This implementation uses Fusejs, jquery and mark.js
Initial setup Search depends on additional output content type of JSON in config.toml ``` [outputs] home = [&amp;ldquo;HTML&amp;rdquo;, &amp;ldquo;JSON&amp;rdquo;] ```</description>
    </item>
    
    <item>
      <title>Search Results</title>
      <link>https://hugo-toha.github.io/search/</link>
      <pubDate>Tue, 08 Jun 2010 08:06:25 +0600</pubDate>
      
      <guid>https://hugo-toha.github.io/search/</guid>
      <description>This file exists solely to respond to /search URL with the related search layout template.
No content shown here is rendered, all content is based in the template layouts/page/search.html
Setting a very low sitemap priority will tell search engines this is not important content.
This implementation uses Fusejs, jquery and mark.js
Initial setup Search depends on additional output content type of JSON in config.toml ``` [outputs] home = [&amp;ldquo;HTML&amp;rdquo;, &amp;ldquo;JSON&amp;rdquo;] ```</description>
    </item>
    
    <item>
      <title>Search Results</title>
      <link>https://hugo-toha.github.io/search/</link>
      <pubDate>Tue, 08 Jun 2010 08:06:25 +0600</pubDate>
      
      <guid>https://hugo-toha.github.io/search/</guid>
      <description>This file exists solely to respond to /search URL with the related search layout template.
No content shown here is rendered, all content is based in the template layouts/page/search.html
Setting a very low sitemap priority will tell search engines this is not important content.
This implementation uses Fusejs, jquery and mark.js
Initial setup Search depends on additional output content type of JSON in config.toml ``` [outputs] home = [&amp;ldquo;HTML&amp;rdquo;, &amp;ldquo;JSON&amp;rdquo;] ```</description>
    </item>
    
    <item>
      <title>Search Results</title>
      <link>https://hugo-toha.github.io/search/</link>
      <pubDate>Tue, 08 Jun 2010 08:06:25 +0600</pubDate>
      
      <guid>https://hugo-toha.github.io/search/</guid>
      <description>This file exists solely to respond to /search URL with the related search layout template.
No content shown here is rendered, all content is based in the template layouts/page/search.html
Setting a very low sitemap priority will tell search engines this is not important content.
This implementation uses Fusejs, jquery and mark.js
Initial setup Search depends on additional output content type of JSON in config.toml ``` [outputs] home = [&amp;ldquo;HTML&amp;rdquo;, &amp;ldquo;JSON&amp;rdquo;] ```</description>
    </item>
    
    <item>
      <title>Search Results</title>
      <link>https://hugo-toha.github.io/search/</link>
      <pubDate>Tue, 08 Jun 2010 08:06:25 +0600</pubDate>
      
      <guid>https://hugo-toha.github.io/search/</guid>
      <description>This file exists solely to respond to /search URL with the related search layout template.
No content shown here is rendered, all content is based in the template layouts/page/search.html
Setting a very low sitemap priority will tell search engines this is not important content.
This implementation uses Fusejs, jquery and mark.js
Initial setup Search depends on additional output content type of JSON in config.toml ``` [outputs] home = [&amp;ldquo;HTML&amp;rdquo;, &amp;ldquo;JSON&amp;rdquo;] ```</description>
    </item>
    
    <item>
      <title>Search Results</title>
      <link>https://hugo-toha.github.io/search/</link>
      <pubDate>Tue, 08 Jun 2010 08:06:25 +0600</pubDate>
      
      <guid>https://hugo-toha.github.io/search/</guid>
      <description>This file exists solely to respond to /search URL with the related search layout template.
No content shown here is rendered, all content is based in the template layouts/page/search.html
Setting a very low sitemap priority will tell search engines this is not important content.
This implementation uses Fusejs, jquery and mark.js
Initial setup Search depends on additional output content type of JSON in config.toml ``` [outputs] home = [&amp;ldquo;HTML&amp;rdquo;, &amp;ldquo;JSON&amp;rdquo;] ```</description>
    </item>
    
    <item>
      <title>Search Results</title>
      <link>https://hugo-toha.github.io/search/</link>
      <pubDate>Tue, 08 Jun 2010 08:06:25 +0600</pubDate>
      
      <guid>https://hugo-toha.github.io/search/</guid>
      <description>This file exists solely to respond to /search URL with the related search layout template.
No content shown here is rendered, all content is based in the template layouts/page/search.html
Setting a very low sitemap priority will tell search engines this is not important content.
This implementation uses Fusejs, jquery and mark.js
Initial setup Search depends on additional output content type of JSON in config.toml ``` [outputs] home = [&amp;ldquo;HTML&amp;rdquo;, &amp;ldquo;JSON&amp;rdquo;] ```</description>
    </item>
    
    <item>
      <title>Search Results</title>
      <link>https://hugo-toha.github.io/search/</link>
      <pubDate>Tue, 08 Jun 2010 08:06:25 +0600</pubDate>
      
      <guid>https://hugo-toha.github.io/search/</guid>
      <description>This file exists solely to respond to /search URL with the related search layout template.
No content shown here is rendered, all content is based in the template layouts/page/search.html
Setting a very low sitemap priority will tell search engines this is not important content.
This implementation uses Fusejs, jquery and mark.js
Initial setup Search depends on additional output content type of JSON in config.toml ``` [outputs] home = [&amp;ldquo;HTML&amp;rdquo;, &amp;ldquo;JSON&amp;rdquo;] ```</description>
    </item>
    
    <item>
      <title>Search Results</title>
      <link>https://hugo-toha.github.io/search/</link>
      <pubDate>Tue, 08 Jun 2010 08:06:25 +0600</pubDate>
      
      <guid>https://hugo-toha.github.io/search/</guid>
      <description>This file exists solely to respond to /search URL with the related search layout template.
No content shown here is rendered, all content is based in the template layouts/page/search.html
Setting a very low sitemap priority will tell search engines this is not important content.
This implementation uses Fusejs, jquery and mark.js
Initial setup Search depends on additional output content type of JSON in config.toml ``` [outputs] home = [&amp;ldquo;HTML&amp;rdquo;, &amp;ldquo;JSON&amp;rdquo;] ```</description>
    </item>
    
    <item>
      <title>অনুসন্ধানের ফলাফল</title>
      <link>https://hugo-toha.github.io/search/</link>
      <pubDate>Tue, 08 Jun 2010 08:06:25 +0600</pubDate>
      
      <guid>https://hugo-toha.github.io/search/</guid>
      <description>This file exists solely to respond to /search URL with the related search layout template.
No content shown here is rendered, all content is based in the template layouts/page/search.html
Setting a very low sitemap priority will tell search engines this is not important content.
This implementation uses Fusejs, jquery and mark.js
Initial setup Search depends on additional output content type of JSON in config.toml ``` [outputs] home = [&amp;ldquo;HTML&amp;rdquo;, &amp;ldquo;JSON&amp;rdquo;] ```</description>
    </item>
    
    <item>
      <title>অনুসন্ধানের ফলাফল</title>
      <link>https://hugo-toha.github.io/search/</link>
      <pubDate>Tue, 08 Jun 2010 08:06:25 +0600</pubDate>
      
      <guid>https://hugo-toha.github.io/search/</guid>
      <description>This file exists solely to respond to /search URL with the related search layout template.
No content shown here is rendered, all content is based in the template layouts/page/search.html
Setting a very low sitemap priority will tell search engines this is not important content.
This implementation uses Fusejs, jquery and mark.js
Initial setup Search depends on additional output content type of JSON in config.toml ``` [outputs] home = [&amp;ldquo;HTML&amp;rdquo;, &amp;ldquo;JSON&amp;rdquo;] ```</description>
    </item>
    
    <item>
      <title>Markdown এর নমুনা</title>
      <link>https://hugo-toha.github.io/posts/markdown-sample/</link>
      <pubDate>Mon, 08 Jun 2020 08:06:25 +0600</pubDate>
      
      <guid>https://hugo-toha.github.io/posts/markdown-sample/</guid>
      <description>এই নমুনা পোস্টটি এই বিষয়গুলো পরীক্ষা করার জন্যে করা হয়েছেঃ
 একজন ভিন্ন পোস্ট লেখক। সূচীপত্র। Markdown কন্টেন্ট রেন্ডারিং। গণিত রেন্ডারিং। ইমোজি রেন্ডারিং।   Markdown Syntax Rendering Headings The following HTML &amp;lt;h1&amp;gt;—&amp;lt;h6&amp;gt; elements represent six levels of section headings. &amp;lt;h1&amp;gt; is the highest section level while &amp;lt;h6&amp;gt; is the lowest.
H1 H2 H3 H4 H5 H6 Paragraph Xerum, quo qui aut unt expliquam qui dolut labo. Aque venitatiusda cum, voluptionse latur sitiae dolessi aut parist aut dollo enim qui voluptate ma dolestendit peritin re plis aut quas inctum laceat est volestemque commosa as cus endigna tectur, offic to cor sequas etum rerum idem sintibus eiur?</description>
    </item>
    
    <item>
      <title>Sub-Category</title>
      <link>https://hugo-toha.github.io/posts/category/sub-category/_index.bn/</link>
      <pubDate>Mon, 08 Jun 2020 08:06:25 +0600</pubDate>
      
      <guid>https://hugo-toha.github.io/posts/category/sub-category/_index.bn/</guid>
      <description></description>
    </item>
    
    <item>
      <title>Top Category Sample</title>
      <link>https://hugo-toha.github.io/posts/category/_index.bn/</link>
      <pubDate>Mon, 08 Jun 2020 08:06:25 +0600</pubDate>
      
      <guid>https://hugo-toha.github.io/posts/category/_index.bn/</guid>
      <description></description>
    </item>
    
    <item>
      <title>পোস্ট সমূহ</title>
      <link>https://hugo-toha.github.io/posts/_index.bn/</link>
      <pubDate>Mon, 08 Jun 2020 08:06:25 +0600</pubDate>
      
      <guid>https://hugo-toha.github.io/posts/_index.bn/</guid>
      <description></description>
    </item>
    
    <item>
      <title>ভূমিকা</title>
      <link>https://hugo-toha.github.io/posts/introduction/</link>
      <pubDate>Mon, 08 Jun 2020 08:06:25 +0600</pubDate>
      
      <guid>https://hugo-toha.github.io/posts/introduction/</guid>
      <description>স্বাগতম! এটি একটি ভূমিকা সূচক পোস্ট। এই পোস্টটি এই বিষয়গুলো পরীক্ষা করার জন্যে করা হয়েছেঃ
 হেরো ছবিটি পোস্ট এর সাথে একই পথে আছে। এই পোস্টটি সাইডবারের সবার প্রথমে থাকা উচিত। পোস্টের লেখক author.yaml ফাইল এ যাকে উল্লেখ করা হয়েছে তিনিই থাকবেন।  </description>
    </item>
    
    <item>
      <title>শর্টকোডের  নমুনা</title>
      <link>https://hugo-toha.github.io/posts/shortcodes/</link>
      <pubDate>Mon, 08 Jun 2020 08:06:25 +0600</pubDate>
      
      <guid>https://hugo-toha.github.io/posts/shortcodes/</guid>
      <description>এই নমুনা পোস্টটি এই বিষয়গুলো পরীক্ষা করার জন্যে করা হয়েছেঃ
 ডিফল্ট হিরো ইমেজ। বিভিন্ন শর্টকোড।  এলার্ট এই থিমের মধ্যে এই সকল এলার্ট রয়েছেঃ
এটা type=&amp;quot;success&amp;quot; দিয়ে নমুনা এলার্ট।  এটা type=&amp;quot;danger&amp;quot; দিয়ে নমুনা এলার্ট।  এটা type=&amp;quot;warning&amp;quot; দিয়ে নমুনা এলার্ট।  এটা type=&amp;quot;info&amp;quot; দিয়ে নমুনা এলার্ট।  এটা type=&amp;quot;dark&amp;quot; দিয়ে নমুনা এলার্ট।  এটা type=&amp;quot;primary&amp;quot; দিয়ে নমুনা এলার্ট।  এটা type=&amp;quot;secondary&amp;quot; দিয়ে নমুনা এলার্ট।  ছবি কোন ধরনের attribute ছাড়া ছবির একটি নমুনা।  height এবং width attribute সহ ছবির একটি নমুনা।  height এবং width attribute সহ মাঝখানে স্তাপিত ছবির একটি নমুনা।  float attribute সহ ছবির একটি নমুনা। Lorem ipsum dolor sit amet, consectetur adipiscing elit.</description>
    </item>
    
    <item>
      <title>সমৃদ্ধ কন্টেন্ট</title>
      <link>https://hugo-toha.github.io/posts/category/sub-category/rich-content/</link>
      <pubDate>Mon, 08 Jun 2020 08:06:25 +0600</pubDate>
      
      <guid>https://hugo-toha.github.io/posts/category/sub-category/rich-content/</guid>
      <description>এই নমুনা পোস্টটি এই বিষয়গুলো পরীক্ষা করার জন্যে করা হয়েছেঃ
 বিভাগ, উপ-বিভাগে সাইডবারে একটির ভেতর আরেকটি কিভাবে আছে সেটা দেখা। হেরো ছবিটি পোস্ট যে পথে আছে সে পথে images ফোল্ডার এ থাকবে। বিভিন্ন মিডিয়া যেমন ছবি, টুইট, ইউটিউব ভিডিও, ভীমেও ভিডিও ইত্যাদি রেন্ডারিং।  ছবির নমুনা  টুইটের নুমুনা {{/&amp;lt; twitter 1085870671291310081 &amp;gt;/}}
 ইউটিওবের ভিডিও নমুনা    ভীমেও ভিডিও নমুনা   </description>
    </item>
    
    <item>
      <title>নোট সমূহ</title>
      <link>https://hugo-toha.github.io/notes/_index.bn/</link>
      <pubDate>Tue, 08 Jun 2010 08:06:25 +0600</pubDate>
      
      <guid>https://hugo-toha.github.io/notes/_index.bn/</guid>
      <description></description>
    </item>
    
    <item>
      <title>Go এর নোট সমূহ</title>
      <link>https://hugo-toha.github.io/notes/go/_index.bn/</link>
      <pubDate>Mon, 01 Jan 0001 00:00:00 +0000</pubDate>
      
      <guid>https://hugo-toha.github.io/notes/go/_index.bn/</guid>
      <description>Go Notes </description>
    </item>
    
    <item>
      <title>Search Results</title>
      <link>https://hugo-toha.github.io/search/</link>
      <pubDate>Mon, 01 Jan 0001 00:00:00 +0000</pubDate>
      
      <guid>https://hugo-toha.github.io/search/</guid>
      <description>This file exists solely to respond to /search URL with the related search layout template.
No content shown here is rendered, all content is based in the template layouts/page/search.html
Setting a very low sitemap priority will tell search engines this is not important content.
This implementation uses Fusejs, jquery and mark.js
Initial setup Search depends on additional output content type of JSON in config.toml ``` [outputs] home = [&amp;ldquo;HTML&amp;rdquo;, &amp;ldquo;JSON&amp;rdquo;] ```</description>
    </item>
    
    <item>
      <title>ব্যাশের নোট সমূহ</title>
      <link>https://hugo-toha.github.io/notes/bash/_index.bn/</link>
      <pubDate>Mon, 01 Jan 0001 00:00:00 +0000</pubDate>
      
      <guid>https://hugo-toha.github.io/notes/bash/_index.bn/</guid>
      <description>Bash Notes </description>
    </item>
    
  </channel>
</rss>